{"training/return": -23.00652511364439, "_timestamp": 1679962022.4375107, "_runtime": 63.69681668281555, "_step": 269, "training/length": 31, "training/duration": 0.15425467491149902, "actor_loss": -46.328514099121094, "critic_loss": 8.812883377075195, "entropy": 3.3487088680267334, "q1": 45.63359069824219, "q2": 45.61859130859375, "temp_loss": 1.4306777715682983, "temperature": 0.1946842223405838, "eval/average returns": 1000.5376876865945, "_wandb": {"runtime": 62}}