{"training/return": -112.56195830341406, "_timestamp": 1679961973.0169601, "_runtime": 14.276266098022461, "_step": 146, "training/length": 213, "training/duration": 0.09737396240234375}