{"training/return": 4160.169289815547, "_timestamp": 1680126138.9707382, "_runtime": 2142.0113871097565, "_step": 4780, "training/length": 713, "training/duration": 1.2091388702392578, "actor_loss": -384.16796875, "critic_loss": 68.43869018554688, "entropy": -4.124622344970703, "q1": 384.4713134765625, "q2": 384.2430419921875, "temp_loss": -0.01765584573149681, "temperature": 0.14167480170726776, "eval/average returns": 5870.458141282341, "_wandb": {"runtime": 2141}}