{"training/return": 1376.377400640889, "_timestamp": 1680099160.9897583, "_runtime": 232.70155930519104, "_step": 823, "training/length": 911, "training/duration": 1.4321506023406982, "actor_loss": -57.16716384887695, "critic_loss": 7.43051815032959, "entropy": -3.9724183082580566, "q1": 56.589542388916016, "q2": 56.74061584472656, "temp_loss": 0.0010564527474343777, "temperature": 0.03830268234014511, "eval/average returns": 1340.4063821100406}