{"training/return": 5448.2654448252615, "_timestamp": 1680127375.8120842, "_runtime": 3350.106509208679, "_step": 4783, "training/length": 1000, "training/duration": 2.6882498264312744, "actor_loss": -378.2093505859375, "critic_loss": 36.8158073425293, "entropy": -4.3867902755737305, "q1": 378.6695556640625, "q2": 378.36517333984375, "temp_loss": -0.05875084176659584, "temperature": 0.1518932729959488, "eval/average returns": 5319.451673686538, "_wandb": {"runtime": 3349}}