{"training/return": 466.615012616452, "_timestamp": 1680106452.5132987, "_runtime": 2180.9589817523956, "_step": 4930, "training/length": 106, "training/duration": 0.17251324653625488, "actor_loss": -411.7271728515625, "critic_loss": 53.08732986450195, "entropy": -4.285702705383301, "q1": 412.5013732910156, "q2": 412.7818603515625, "temp_loss": -0.043654195964336395, "temperature": 0.15279588103294373, "eval/average returns": 5089.566763825841, "_wandb": {"runtime": 2180}}