{"training/return": 5639.329337589087, "_timestamp": 1680130767.3339765, "_runtime": 3348.3704974651337, "_step": 4780, "training/length": 1000, "training/duration": 2.658181667327881, "actor_loss": -410.13726806640625, "critic_loss": 30.49602699279785, "entropy": -3.990530490875244, "q1": 411.10736083984375, "q2": 410.80633544921875, "temp_loss": 0.0015288145514205098, "temperature": 0.16144602000713348, "eval/average returns": 5896.199308946526, "_wandb": {"runtime": 3347}}