{"training/return": -78.21627202573174, "_timestamp": 1680098887.3899493, "_runtime": 41.45434927940369, "_step": 47, "training/length": 132, "training/duration": 2.726496934890747, "_wandb": {"runtime": 43}}