{"training/return": 5842.30897790906, "_timestamp": 1680126152.4491975, "_runtime": 2161.312001466751, "_step": 4864, "training/length": 1000, "training/duration": 1.596134901046753, "actor_loss": -429.40069580078125, "critic_loss": 45.298553466796875, "entropy": -3.97908091545105, "q1": 429.453369140625, "q2": 429.20867919921875, "temp_loss": 0.0029817470349371433, "temperature": 0.1425371617078781, "eval/average returns": 6175.148622261348, "_wandb": {"runtime": 2160}}