{"training/return": 0.8540737206509657, "_timestamp": 1680098772.2807987, "_runtime": 46.40174961090088, "_step": 276, "training/length": 24, "training/duration": 0.03942751884460449, "actor_loss": -35.64400100708008, "critic_loss": 4.6617112159729, "entropy": 0.477526992559433, "q1": 35.13704299926758, "q2": 35.22911834716797, "temp_loss": 0.25827425718307495, "temperature": 0.0576823428273201, "eval/average returns": 275.92143976090085, "_wandb": {"runtime": 46}}