{"training/return": 5845.498891413368, "_timestamp": 1680129565.114154, "_runtime": 2155.837601184845, "_step": 4798, "training/length": 1000, "training/duration": 1.5932161808013916, "actor_loss": -377.30682373046875, "critic_loss": 43.873619079589844, "entropy": -3.81406307220459, "q1": 377.52349853515625, "q2": 378.1779479980469, "temp_loss": 0.026489462703466415, "temperature": 0.1424647718667984, "eval/average returns": 5696.416400685295, "_wandb": {"runtime": 2155}}