{"actor_loss": -4.492399215698242, "critic_loss": 38.47372817993164, "entropy": 5.205112934112549, "q1": -0.9884448051452637, "q2": 0.1938522309064865, "temp_loss": 9.20511245727539, "temperature": 1.0, "_timestamp": 1679779898.1995807, "_runtime": 18.787588596343994, "_step": 0, "_wandb": {"runtime": 26}}