{"training/return": 5599.125159613317, "_timestamp": 1680103270.8499308, "_runtime": 2176.9576377868652, "_step": 4963, "training/length": 1000, "training/duration": 1.7641494274139404, "actor_loss": -356.8056640625, "critic_loss": 41.46541976928711, "entropy": -4.293622970581055, "q1": 357.15826416015625, "q2": 356.74310302734375, "temp_loss": -0.04182882234454155, "temperature": 0.14245758950710297, "eval/average returns": 5671.4380347455935, "_wandb": {"runtime": 2176}}