{"actor_loss": -23.86750602722168, "critic_loss": 5.285329818725586, "entropy": 5.222898483276367, "q1": 19.760833740234375, "q2": 19.805831909179688, "temp_loss": 6.9662885665893555, "temperature": 0.7553253173828125, "_timestamp": 1679780090.236215, "_runtime": 35.253258228302, "_step": 1, "_wandb": {"runtime": 35}}