{"training/duration": 0.1550586223602295, "_timestamp": 1679959703.1441076, "_runtime": 52.90355157852173, "_step": 10, "eval/average returns": -0.45350285410808705, "_wandb": {"runtime": 52}}