{"training/return": 2349.3148199515704, "_timestamp": 1680110502.371112, "_runtime": 9669.236388206482, "_step": 1405, "training/length": 1000, "training/duration": 22.073198318481445, "actor_loss": -124.36502075195312, "critic_loss": 22.901424407958984, "entropy": -4.0023932456970215, "q1": 123.74581909179688, "q2": 123.28251647949219, "temp_loss": -0.00014462062972597778, "temperature": 0.06042865663766861, "eval/average returns": 2057.356829467436}