{"training/return": 5888.544537582984, "_timestamp": 1680126160.2193282, "_runtime": 2174.921473264694, "_step": 4615, "training/length": 1000, "training/duration": 1.5843288898468018, "actor_loss": -419.46380615234375, "critic_loss": 38.5579948425293, "entropy": -3.5324552059173584, "q1": 420.43365478515625, "q2": 420.2628173828125, "temp_loss": 0.06876734644174576, "temperature": 0.14708183705806732, "eval/average returns": 6227.979703464478, "_wandb": {"runtime": 2174}}