{"actor_loss": -23.601764678955078, "critic_loss": 3.164822816848755, "entropy": -4.100693702697754, "q1": 23.326187133789062, "q2": 23.290428161621094, "temp_loss": -0.0027688529808074236, "temperature": 0.027497777715325356, "_timestamp": 1679781119.7630527, "_runtime": 511.77786660194397, "_step": 67, "eval/average returns": 161.51038487382385, "_wandb": {"runtime": 518}}