{"training/return": 940.1564561646019, "_timestamp": 1680101896.0321631, "_runtime": 2197.644019126892, "_step": 4597, "training/length": 302, "training/duration": 0.5108797550201416, "actor_loss": -221.17807006835938, "critic_loss": 8.864645004272461, "entropy": -3.7895755767822266, "q1": 221.20773315429688, "q2": 221.19964599609375, "temp_loss": 0.018293049186468124, "temperature": 0.08693405985832214, "eval/average returns": 3081.253226654715, "_wandb": {"runtime": 2196}}