{"training/return": 2089.3520171641558, "_timestamp": 1679963143.420343, "_runtime": 655.0189039707184, "_step": 1496, "training/length": 1000, "training/duration": 1.6064021587371826, "actor_loss": -122.9088363647461, "critic_loss": 3.0247416496276855, "entropy": -3.6634697914123535, "q1": 122.7327880859375, "q2": 122.84049987792969, "temp_loss": 0.02390606887638569, "temperature": 0.0710369199514389, "eval/average returns": 2251.37934025944}