{"training/duration": 147.86246919631958, "_timestamp": 1679960530.5191243, "_runtime": 297.0240693092346, "_step": 1876, "eval/average returns": -0.16391246060249182, "actor_loss": -23.400842666625977, "critic_loss": 2.315418004989624, "entropy": 3.916848659515381, "q1": 21.238506317138672, "q2": 21.148805618286133, "temp_loss": 3.955350399017334, "temperature": 0.5718428492546082, "_wandb": {"runtime": 296}}