{"actor_loss": -41.415794372558594, "critic_loss": 11.325363159179688, "entropy": 4.774691581726074, "q1": 39.05757141113281, "q2": 39.10160446166992, "temp_loss": 4.059177875518799, "temperature": 0.4626006484031677, "_timestamp": 1679779748.3624778, "_runtime": 53.059372663497925, "_step": 3, "_wandb": {"runtime": 56}}