{"training/return": 5524.155406448854, "_timestamp": 1680104150.273719, "_runtime": 2171.3420300483704, "_step": 4828, "training/length": 1000, "training/duration": 1.6609947681427002, "actor_loss": -365.7112121582031, "critic_loss": 45.173728942871094, "entropy": -3.7251930236816406, "q1": 366.0273742675781, "q2": 365.83209228515625, "temp_loss": 0.03848841413855553, "temperature": 0.14005617797374725, "eval/average returns": 5747.365072626071, "_wandb": {"runtime": 2170}}