{"training/return": 5607.553780810552, "_timestamp": 1680129526.448738, "_runtime": 2122.1563000679016, "_step": 4909, "training/length": 1000, "training/duration": 1.6280574798583984, "actor_loss": -390.8707275390625, "critic_loss": 86.73454284667969, "entropy": -4.252622604370117, "q1": 390.8506164550781, "q2": 390.91552734375, "temp_loss": -0.03831848129630089, "temperature": 0.15168270468711853, "eval/average returns": 5410.131366514527, "_wandb": {"runtime": 2121}}