{"training/return": 3617.155799832647, "_timestamp": 1679963138.175006, "_runtime": 551.2266449928284, "_step": 1715, "training/length": 1000, "training/duration": 1.581876516342163, "actor_loss": -185.4780731201172, "critic_loss": 33.151405334472656, "entropy": -4.229648113250732, "q1": 185.20480346679688, "q2": 184.894775390625, "temp_loss": -0.018067460507154465, "temperature": 0.07867453992366791, "eval/average returns": 3879.5628523618025}