{"training/return": -22.636303738767413, "_timestamp": 1681330859.797858, "_runtime": 28.237658977508545, "_step": 157, "training/length": 38, "training/duration": 0.03525805473327637, "actor_loss": -4.544234752655029, "critic_loss": 38.71836471557617, "entropy": 5.214332103729248, "q1": -0.9366530179977417, "q2": 0.2067619413137436, "temp_loss": 9.214332580566406, "temperature": 1.0, "eval/average returns": 1000.5377239916282, "_wandb": {"runtime": 32}}