{"training/return": -44.280364365433684, "_timestamp": 1679962558.9892213, "_runtime": 23.844914436340332, "_step": 171, "training/length": 61, "training/duration": 0.09943222999572754, "actor_loss": -34.847957611083984, "critic_loss": 7.774430274963379, "entropy": 5.1633405685424805, "q1": 31.5341796875, "q2": 31.48902130126953, "temp_loss": 5.3818206787109375, "temperature": 0.5873208045959473, "eval/average returns": 1000.5202427941865, "_wandb": {"runtime": 23}}