{"training/return": 5723.019654232483, "_timestamp": 1680129543.5807312, "_runtime": 2144.969502210617, "_step": 4960, "training/length": 1000, "training/duration": 1.6092536449432373, "actor_loss": -369.84124755859375, "critic_loss": 49.62816619873047, "entropy": -3.6050994396209717, "q1": 369.75677490234375, "q2": 369.73602294921875, "temp_loss": 0.054594263434410095, "temperature": 0.13824813067913055, "eval/average returns": 5493.254403458921, "_wandb": {"runtime": 2144}}