{"training/return": 4809.103633097999, "_timestamp": 1680106425.9621863, "_runtime": 2163.5940272808075, "_step": 5047, "training/length": 1000, "training/duration": 1.6778833866119385, "actor_loss": -272.6910400390625, "critic_loss": 70.09741973876953, "entropy": -3.9577817916870117, "q1": 272.1358642578125, "q2": 272.0278015136719, "temp_loss": 0.004761465825140476, "temperature": 0.11278228461742401, "eval/average returns": 5173.486581876596, "_wandb": {"runtime": 2162}}