{"training/return": 3807.2816272351374, "_timestamp": 1680123985.6848712, "_runtime": 1441.8445041179657, "_step": 2396, "training/length": 1000, "training/duration": 2.664410352706909, "actor_loss": -172.63034057617188, "critic_loss": 23.903545379638672, "entropy": -4.248692512512207, "q1": 171.553955078125, "q2": 171.94540405273438, "temp_loss": -0.01961749605834484, "temperature": 0.07888253778219223, "eval/average returns": 3854.682655727635, "_wandb": {"runtime": 1445}}